{"step": 188, "loss": 27.001441955566406, "_timestamp": 1700154895.3110578, "_runtime": 120.01618385314941, "_step": 188, "_wandb": {"runtime": 120}}