{"step": 999, "loss": 9.181184768676758, "_timestamp": 1700155527.3085756, "_runtime": 624.0331416130066, "_step": 1001, "reconstructed_images": {"_type": "images/separated", "width": 256, "height": 128, "format": "png", "count": 20, "filenames": ["media/images/reconstructed_images_1000_5fdafb1c16076cd5c07b.png", "media/images/reconstructed_images_1000_6ca1618faaafe38c9c8a.png", "media/images/reconstructed_images_1000_b0f96b1b1745c7fd604f.png", "media/images/reconstructed_images_1000_9b2293d88df3f75fa4ca.png", "media/images/reconstructed_images_1000_1c234e8816f51b579666.png", "media/images/reconstructed_images_1000_b64e1b11351f53933071.png", "media/images/reconstructed_images_1000_c094645498330706c9a0.png", "media/images/reconstructed_images_1000_8e7396026701e0709963.png", "media/images/reconstructed_images_1000_11f3c9aa6a11b8f272ff.png", "media/images/reconstructed_images_1000_6a889d7eddc2dac42c2a.png", "media/images/reconstructed_images_1000_57e043668865ada7f5ab.png", "media/images/reconstructed_images_1000_df1e372d21394079d846.png", "media/images/reconstructed_images_1000_8f7c0096960dcdf2b096.png", "media/images/reconstructed_images_1000_24eb3192082175566c46.png", "media/images/reconstructed_images_1000_8da2648a0eeadc460f9f.png", "media/images/reconstructed_images_1000_a06e2a00c3e36d011044.png", "media/images/reconstructed_images_1000_5580a8c5c0061fd82aa4.png", "media/images/reconstructed_images_1000_e3f36a508cf8c519bfa1.png", "media/images/reconstructed_images_1000_ba6ce0175b583121768e.png", "media/images/reconstructed_images_1000_4abc967be685e1d4b7ef.png"]}, "test_loss": 10.291955947875977}